sample_id,target,biomass
ID1001187975__Dry_Clover_g,0.0,-1.1635356
ID1001187975__Dry_Dead_g,0.0,21.752304
ID1001187975__Dry_Green_g,0.0,46.240673
ID1001187975__Dry_Total_g,0.0,67.62024
ID1001187975__GDM_g,0.0,45.228832
